{
  "total_concepts": 106044,
  "total_parent_categories": 25194,
  "total_child_concepts": 105579,
  "leaf_concepts": 80850,
  "top_root_categories": [
    {
      "name": "first order collection",
      "descendants": 104071,
      "parents": 0
    },
    {
      "name": "group of things",
      "descendants": 104059,
      "parents": 0
    },
    {
      "name": "facet collection",
      "descendants": 104023,
      "parents": 0
    },
    {
      "name": "spatial thing",
      "descendants": 103965,
      "parents": 0
    },
    {
      "name": "controlled vocabulary types",
      "descendants": 103952,
      "parents": 0
    },
    {
      "name": "cultural thing",
      "descendants": 103943,
      "parents": 0
    },
    {
      "name": "generic artifact",
      "descendants": 103942,
      "parents": 1
    },
    {
      "name": "id object",
      "descendants": 103934,
      "parents": 0
    },
    {
      "name": "spatially continuous thing",
      "descendants": 103933,
      "parents": 1
    },
    {
      "name": "chemical substance",
      "descendants": 103926,
      "parents": 0
    },
    {
      "name": "identification string",
      "descendants": 103925,
      "parents": 1
    },
    {
      "name": "shaped thing",
      "descendants": 103917,
      "parents": 1
    },
    {
      "name": "unique id",
      "descendants": 103916,
      "parents": 1
    },
    {
      "name": "tuple",
      "descendants": 103913,
      "parents": 0
    },
    {
      "name": "non situational spatial thing",
      "descendants": 103912,
      "parents": 2
    },
    {
      "name": "business related thing",
      "descendants": 103912,
      "parents": 0
    },
    {
      "name": "sales product",
      "descendants": 103911,
      "parents": 1
    },
    {
      "name": "spatial region",
      "descendants": 103910,
      "parents": 1
    },
    {
      "name": "time dependent collection",
      "descendants": 103909,
      "parents": 0
    },
    {
      "name": "unnatural thing",
      "descendants": 103905,
      "parents": 0
    }
  ],
  "sample_leaf_concepts": [
    "1 2 nitrophenoxy octane",
    "1 a.m",
    "1 amino 2 propanol",
    "1 amino 2 propanone",
    "1 byte integer",
    "1 inch magnetic tape",
    "1 mild",
    "1 movie genre",
    "1 narrative genre",
    "1 p.m",
    "1 percent milk",
    "1 propanol",
    "1 sex",
    "1 way bombing mission",
    "1,000 megawatt plutonium reactor",
    "1,1,2 trichloro 1,2,2 trifluoroethane",
    "1,2 dichlorotetrafluoroethane",
    "1,2 dimethoxybenzene",
    "1,2 dimethylhydrazine",
    "1,2,4 trioxane",
    "1,3 dimethylpentylamine",
    "1,3bpg",
    "1,4 dimethoxybenzene",
    "1,4 dioxane",
    "10 a.m",
    "10 k",
    "10 mbit s",
    "10 p.m",
    "10 q",
    "10 speed bicycle",
    "100 mbit s",
    "100 meter breaststroke",
    "100 meter run",
    "100 troop strength",
    "1000 mbit s",
    "10000 mbit s",
    "1040 form",
    "1040ez",
    "1040x tax form",
    "10f catheter",
    "11 a.m",
    "11 deoxycortisol",
    "11 p.m",
    "11f catheter",
    "12 inch television set",
    "12 speed bicycle",
    "12 string guitar",
    "12.7 mm machine gun",
    "120 volt device",
    "124 spider"
  ]
}