{
  "table": {
    "ar": [
      "تربيزة",
      "جدول",
      "طاولة",
      "طبلة",
      "مائدة",
      "مايدة",
      "منضدة",
      "ميدة",
      "ميز"
    ],
    "de": [
      "tabelle",
      "tisch",
      "tischlein"
    ],
    "es": [
      "mesa",
      "tabla"
    ],
    "fr": [
      "dépôt",
      "guéridon",
      "liste",
      "table",
      "tableau"
    ],
    "it": [
      "tabella",
      "tavola",
      "tavolata",
      "tavolo"
    ],
    "ja": [
      "ターフル",
      "チャート",
      "テーブル",
      "テーブルさん座",
      "テーブル山座",
      "リスト",
      "一覧",
      "一覧表",
      "几",
      "卓",
      "卓子",
      "台",
      "握りつぶす",
      "握り潰す",
      "数表",
      "早見",
      "早見表",
      "時刻表",
      "机",
      "表",
      "速見表"
    ],
    "ru": [
      "стол"
    ],
    "zh": [
      "几",
      "几案",
      "台",
      "台子",
      "幾案",
      "枱",
      "案",
      "桌",
      "桌子",
      "桌案",
      "檯",
      "檯子",
      "球台",
      "球檯",
      "肵",
      "表",
      "表格",
      "譜",
      "谱"
    ]
  },
  "sun": {
    "ar": [
      "الشمس",
      "شمس"
    ],
    "de": [
      "sonne",
      "sonnen",
      "sünnelen"
    ],
    "es": [
      "asolear",
      "sol",
      "solear"
    ],
    "fr": [
      "bronzer",
      "hâler",
      "soleil"
    ],
    "it": [
      "sole"
    ],
    "ja": [
      "お天道様",
      "お日さま",
      "お日様",
      "サン",
      "ソレイユ",
      "天日",
      "天路",
      "天道",
      "天道様",
      "太陽",
      "寸",
      "御天道様",
      "御日様",
      "恒星",
      "日",
      "日光浴 する",
      "日向ぼっこ する",
      "日天",
      "日天子",
      "日輪",
      "火輪",
      "金烏",
      "陽"
    ],
    "ru": [
      "солнце"
    ],
    "zh": [
      "三光",
      "太阳",
      "太阳报",
      "太陽",
      "太陽報",
      "日",
      "日头",
      "日月五星",
      "日頭",
      "旭",
      "晒",
      "曝",
      "热头",
      "熱頭",
      "白日",
      "紅日",
      "紅輪",
      "红日",
      "红轮",
      "金乌",
      "金烏",
      "阳",
      "阳宗",
      "陽",
      "陽宗"
    ]
  },
  "train": {
    "ar": [
      "أقلم",
      "تدرب",
      "درب",
      "ذيل",
      "ربي",
      "قطار",
      "وجه النبات"
    ],
    "de": [
      "dressieren",
      "schaffner",
      "zug",
      "zugbegleiter",
      "üben"
    ],
    "fr": [
      "clique",
      "cortège",
      "disposer",
      "dresser",
      "entrainer",
      "entraîner",
      "formation",
      "former",
      "préparer",
      "train",
      "traîne",
      "éduquer"
    ],
    "ru": [
      "шлейф"
    ],
    "es": [
      "andar en ferrocarril",
      "andar en tren",
      "entrenar",
      "ferrocarril",
      "tren"
    ],
    "it": [
      "allenare",
      "allenarsi",
      "coda",
      "convoglio",
      "educare",
      "esercitare",
      "formare",
      "insegnare",
      "istruire",
      "preparare",
      "prepararsi",
      "strascico",
      "treno"
    ],
    "ja": [
      "トレーン",
      "仕付ける",
      "仕立てる",
      "仕込む",
      "作る",
      "使い慣らす",
      "列",
      "列車",
      "創る",
      "揉む",
      "搾る",
      "撓める",
      "教えこむ",
      "教える",
      "教え込む",
      "教育 する",
      "教込む",
      "汽車",
      "火車",
      "為付ける",
      "煉る",
      "絞る",
      "練る",
      "練習 する",
      "練習を積む",
      "習練 する",
      "育てあげる",
      "育てる",
      "育て上げる",
      "裳裾",
      "訓練を受ける",
      "訓練を積む",
      "躾ける",
      "躾る",
      "造る",
      "金輪",
      "鉄輪",
      "鍛える",
      "鍛え上げる",
      "電車"
    ],
    "zh": [
      "列車",
      "列车",
      "吊",
      "執教",
      "培",
      "培植",
      "培育",
      "培訓",
      "培训",
      "执教",
      "教养",
      "教化",
      "教養",
      "栽培",
      "火車",
      "火车",
      "練",
      "练",
      "訓",
      "訓練",
      "調教",
      "調理",
      "調訓",
      "训",
      "训练",
      "调教",
      "调理",
      "调训",
      "造就"
    ]
  },
  "water": {
    "ar": [
      "ماء"
    ],
    "de": [
      "beregnen",
      "bewässern",
      "tränken",
      "wasser",
      "wässern"
    ],
    "fr": [
      "abreuver",
      "aqueux",
      "arroser",
      "eau",
      "eau minérale",
      "irriguer",
      "liquide amniotique",
      "monoxyde de dihydrogène",
      "mouiller",
      "nappe",
      "urine"
    ],
    "es": [
      "agua",
      "h2o",
      "regar"
    ],
    "it": [
      "abbeverare",
      "acqua",
      "adacquare",
      "annaffiare",
      "bagnare",
      "h2o",
      "innaffiare",
      "irrigare",
      "lacrimare",
      "lagrimare",
      "piangere"
    ],
    "ja": [
      "お水",
      "ウォータ",
      "ウォーター",
      "ウオーター",
      "水",
      "水をやる",
      "水を遣る",
      "水分",
      "注ぐ",
      "注水 する",
      "潅漑 する"
    ],
    "ru": [
      "вода"
    ],
    "zh": [
      "上水",
      "水",
      "流",
      "浇",
      "浇水",
      "浇灌",
      "溍",
      "澆",
      "澆水",
      "澆灌",
      "用水",
      "飲"
    ]
  },
  "dog": {
    "ar": [
      "كلب"
    ],
    "de": [
      "hund",
      "male"
    ],
    "es": [
      "can",
      "perro",
      "perseguir"
    ],
    "fr": [
      "bloke",
      "canis familiaris",
      "chap",
      "chien",
      "chien domestique",
      "clameau",
      "molosse"
    ],
    "it": [
      "cane",
      "canis familiaris"
    ],
    "ja": [
      "すべた",
      "わん公",
      "イヌ",
      "スベタ",
      "ドッグ",
      "ワンコ",
      "ワン公",
      "洋犬",
      "犬",
      "狗",
      "飼い犬",
      "飼犬"
    ],
    "ru": [
      "пёс",
      "собака"
    ],
    "zh": [
      "汪星人",
      "犬",
      "狗",
      "獀",
      "獢"
    ]
  },
  "family": {
    "ar": [
      "أسرة",
      "أهل",
      "اسرة",
      "اهل",
      "بيت",
      "ذنابة",
      "عائلة",
      "عايلة",
      "عشيرة",
      "عيلة",
      "فصيلة",
      "قرابة",
      "قوم",
      "منزل",
      "وحدة عائلية"
    ],
    "de": [
      "familie",
      "familiär"
    ],
    "es": [
      "casa",
      "familia",
      "hogar",
      "linaje",
      "unidad familiar"
    ],
    "fr": [
      "familial",
      "famille",
      "foyer",
      "ménage",
      "peuple",
      "phratrie"
    ],
    "it": [
      "casa",
      "famiglia"
    ],
    "ja": [
      "ファミリ",
      "ファミリー",
      "一家",
      "一戸",
      "一族",
      "一門",
      "世帯",
      "仲間",
      "宗族",
      "家",
      "家人",
      "家庭",
      "家族",
      "家筋",
      "家系",
      "家門",
      "所帯",
      "掛かり付け",
      "掛りつけ",
      "掛り付け",
      "族",
      "氏族",
      "盆",
      "眷属",
      "眷族",
      "科",
      "種族",
      "系統",
      "組",
      "組み",
      "纏縛",
      "血族",
      "輩",
      "門",
      "類"
    ],
    "ru": [
      "семейство",
      "семья",
      "фамилия"
    ],
    "zh": [
      "一家",
      "一族",
      "人家",
      "家",
      "家人",
      "家子",
      "家室",
      "家庭",
      "家族",
      "屋企",
      "戶",
      "户",
      "族",
      "科",
      "門",
      "門戶",
      "门",
      "门户"
    ]
  },
  "flower": {
    "ar": [
      "ازهار",
      "زهرة",
      "زهور",
      "وردة"
    ],
    "de": [
      "blume",
      "blümchen",
      "blüte"
    ],
    "es": [
      "auge",
      "flor"
    ],
    "fr": [
      "fl",
      "fleur",
      "fleurir",
      "floraison",
      "nombre premier",
      "pic",
      "pointe"
    ],
    "it": [
      "fiore",
      "rigoglio"
    ],
    "ja": [
      "お花",
      "たけなわ",
      "ピーク",
      "フラワー",
      "ブロッサム",
      "佳境",
      "全盛",
      "全盛期",
      "御花",
      "最盛期",
      "最高潮",
      "盛り",
      "盛時",
      "真っ盛り",
      "精華",
      "絶頂",
      "花",
      "花ひらく",
      "花盛り",
      "花開く",
      "草花",
      "華",
      "観賞花",
      "開花期",
      "頂点",
      "黄金時代"
    ],
    "ru": [
      "цветок",
      "цветы"
    ],
    "zh": [
      "华",
      "开花",
      "朵",
      "花",
      "花儿",
      "花兒",
      "花卉",
      "花朵",
      "英",
      "華",
      "蘤",
      "開花",
      "鮮花",
      "鲜花"
    ]
  },
  "school": {
    "ar": [
      "madrassa",
      "مدرسة",
      "مكتب"
    ],
    "de": [
      "berufsschule",
      "schule",
      "schwarm"
    ],
    "fr": [
      "banc",
      "college",
      "collège",
      "enseignement",
      "scolaire",
      "scolarité",
      "école",
      "élève"
    ],
    "es": [
      "banco",
      "banco de peces",
      "cardumen",
      "colegio",
      "escolarizar",
      "escuela",
      "instituto"
    ],
    "it": [
      "banco",
      "banco di pesci",
      "branco",
      "istituto",
      "scuola"
    ],
    "ja": [
      "スクール",
      "一派",
      "一流",
      "一門",
      "会派",
      "公教育",
      "分科",
      "学びの庭",
      "学び舎",
      "学問所",
      "学園",
      "学校",
      "学校教育",
      "学派",
      "学窓",
      "学舎",
      "学院",
      "學校",
      "庠",
      "庠序",
      "授業",
      "授業時間",
      "条",
      "校",
      "校舎",
      "派",
      "流",
      "流儀",
      "流派",
      "狭き門",
      "科",
      "筋",
      "系統",
      "群がる",
      "群れ",
      "貴校",
      "門戸",
      "魚群"
    ],
    "ru": [
      "косяк",
      "стая",
      "училище",
      "школа"
    ],
    "zh": [
      "学堂",
      "学校",
      "学院",
      "學堂",
      "學校",
      "學院",
      "宗",
      "庠",
      "校",
      "派",
      "派別",
      "派别",
      "流派",
      "門",
      "門派",
      "门",
      "门派",
      "館地",
      "馆地",
      "黉",
      "黌"
    ]
  },
  "blue": {
    "de": [
      "blau"
    ],
    "es": [
      "azul",
      "celeste"
    ],
    "fr": [
      "bleu",
      "bleue"
    ],
    "it": [
      "azzurro",
      "blu"
    ],
    "ja": [
      "シジミチョウ",
      "ヒメシジミ亜科",
      "ブリュー",
      "ブルー",
      "碧",
      "碧い",
      "蒼",
      "蒼い",
      "蒼然",
      "重い",
      "青",
      "青い",
      "青い青",
      "青み",
      "青味",
      "青碧",
      "青色"
    ],
    "ru": [
      "голубой",
      "синий"
    ],
    "ar": [
      "ازرق",
      "زرق"
    ],
    "zh": [
      "碧",
      "蓝",
      "蓝色",
      "藍",
      "藍色"
    ]
  },
  "music": {
    "ar": [
      "طرب",
      "موسيق ى",
      "موسيقا",
      "موسيقى"
    ],
    "de": [
      "musik",
      "musikstück",
      "tonkunst"
    ],
    "es": [
      "música"
    ],
    "fr": [
      "disque",
      "euphonie",
      "musique",
      "médecine",
      "médicament"
    ],
    "it": [
      "musica"
    ],
    "ja": [
      "ミュージック",
      "快い音",
      "楽",
      "笛竹",
      "管弦",
      "譜",
      "譜面",
      "音楽",
      "音譜",
      "鳴り物",
      "鳴物"
    ],
    "ru": [
      "музыка"
    ],
    "zh": [
      "丝竹",
      "乐",
      "八音",
      "曲子",
      "樂",
      "絲竹",
      "音乐",
      "音樂",
      "音韵",
      "音韻",
      "頀"
    ]
  },
  "love": {
    "ar": [
      "أحب",
      "حب",
      "عشق",
      "محبة",
      "هوي",
      "وجد"
    ],
    "de": [
      "baby",
      "liebe",
      "lieben",
      "minne",
      "null",
      "zuneigung"
    ],
    "fr": [
      "aimer",
      "amour",
      "amoureux",
      "apprécier",
      "bien",
      "estimer",
      "faire l amour",
      "jouir",
      "mange",
      "passion",
      "proche",
      "zéro"
    ],
    "es": [
      "adorar",
      "amar",
      "amor",
      "cero",
      "devoción",
      "disfrutar",
      "encantar",
      "gozar",
      "nada",
      "pasión",
      "querer"
    ],
    "it": [
      "amare",
      "amore",
      "passione",
      "piacere",
      "zero"
    ],
    "ja": [
      "いとおしがる",
      "いとおしむ",
      "ほれ込む",
      "アムール",
      "エンジョイ する",
      "ラブ",
      "ラヴ",
      "リーベ",
      "仁愛",
      "傾慕",
      "傾慕 する",
      "可愛がる",
      "哀しみ",
      "嗜む",
      "夢中になるもの",
      "大好きなもの",
      "好き",
      "好く",
      "好む",
      "孤悲",
      "寵愛 する",
      "念い",
      "思い",
      "思う",
      "思し召し",
      "思召",
      "恋",
      "恋いしたう",
      "恋い慕う",
      "恋う",
      "恋する",
      "恋仲",
      "恋情",
      "恋愛",
      "恋愛 する",
      "恋慕",
      "恋慕 する",
      "恋慕う",
      "恋着",
      "恋着 する",
      "恩愛",
      "恵愛",
      "悲しみ",
      "情",
      "情愛",
      "想い",
      "想う",
      "愛",
      "愛おしむ",
      "愛しがる",
      "愛しみ",
      "愛しむ",
      "愛す",
      "愛する",
      "愛でる",
      "愛好",
      "愛好 する",
      "愛寵 する",
      "愛心",
      "愛念",
      "愛情",
      "愛慕",
      "愛慕 する",
      "愛着",
      "慈",
      "慈しみ",
      "慈しむ",
      "慈愛",
      "慕う",
      "戀",
      "楽しむ",
      "色",
      "艶",
      "零"
    ],
    "ru": [
      "любить",
      "любовь",
      "ноль"
    ],
    "zh": [
      "亲情",
      "喜好",
      "喜愛",
      "喜爱",
      "宠",
      "寵",
      "恋",
      "恋爱",
      "情愛",
      "情爱",
      "愛",
      "愛好",
      "愛心",
      "愛情",
      "愛意",
      "慈愛",
      "慈爱",
      "戀",
      "戀愛",
      "春",
      "欢心",
      "歡心",
      "熱愛",
      "爱",
      "爱心",
      "爱情",
      "爱意",
      "眷愛",
      "眷爱",
      "親情"
    ]
  },
  "phone": {
    "ar": [
      "تلفن",
      "صوت",
      "صوت كلامي"
    ],
    "de": [
      "anrufen",
      "fernsprecher",
      "fon",
      "phon",
      "telefon",
      "telefonieren",
      "telephone"
    ],
    "fr": [
      "appeler",
      "phone",
      "son",
      "téléphone",
      "téléphoner",
      "téléphonique"
    ],
    "it": [
      "fono",
      "telefonare",
      "telefono"
    ],
    "es": [
      "fono",
      "llamar por teléfono",
      "sonido",
      "telefonear"
    ],
    "ja": [
      "フォン",
      "フォーン",
      "単音",
      "語音",
      "電話",
      "電話をかける",
      "音",
      "音価",
      "音声"
    ],
    "ru": [
      "звонить",
      "позвонить",
      "телефонировать",
      "фона",
      "фонема"
    ],
    "zh": [
      "打电话",
      "打電話",
      "致电",
      "致電",
      "語音",
      "音"
    ]
  },
  "student": {
    "ar": [
      "تلميذ",
      "تلميذة",
      "طالب",
      "طالبة"
    ],
    "de": [
      "hochschüler",
      "hochschülerin",
      "schüler",
      "student",
      "studentin",
      "studierende",
      "studierender"
    ],
    "es": [
      "alumna",
      "alumno",
      "estudiante"
    ],
    "fr": [
      "pupille",
      "studente",
      "élève",
      "étudiant",
      "étudiante"
    ],
    "it": [
      "allievo",
      "alunno",
      "scolaro",
      "studente",
      "studentessa"
    ],
    "ja": [
      "スチューデント",
      "右翼",
      "大学生",
      "学問の徒",
      "学徒",
      "学生",
      "学究",
      "学習者",
      "教え子",
      "教習生",
      "生徒",
      "研究家",
      "練習生",
      "門人",
      "門生"
    ],
    "ru": [
      "студент",
      "студентка",
      "учащаяся",
      "учащийся"
    ],
    "zh": [
      "学员",
      "学子",
      "学生",
      "學員",
      "學子",
      "學生",
      "生",
      "門生",
      "门生"
    ]
  },
  "color": {
    "ar": [
      "خضب",
      "دهن",
      "صبغ",
      "طلى",
      "لون",
      "ملون"
    ],
    "de": [
      "andersfarbig",
      "anstreichen",
      "colorieren",
      "farbe"
    ],
    "es": [
      "color",
      "coloración",
      "colorar",
      "energía",
      "intensidad",
      "teñir"
    ],
    "fr": [
      "colorer",
      "colorier",
      "coloriser",
      "couleur",
      "teinte"
    ],
    "it": [
      "colorare",
      "colorazione",
      "colore",
      "colorire",
      "colorito"
    ],
    "ja": [
      "ゆがめる",
      "カラー",
      "光彩",
      "呈色",
      "彩",
      "彩り",
      "彩る",
      "彩色",
      "彩色 する",
      "染めつける",
      "染める",
      "染め付ける",
      "活気",
      "潤色 する",
      "生彩",
      "着色 する",
      "精彩",
      "絵どる",
      "絵取る",
      "色",
      "色つけ する",
      "色つや",
      "色づけ",
      "色づける",
      "色どり",
      "色どり する",
      "色み",
      "色めく",
      "色付 する",
      "色付け する",
      "色付ける",
      "色取",
      "色取 する",
      "色取り",
      "色取り する",
      "色取る",
      "色合",
      "色合い",
      "色味",
      "色差",
      "色彩",
      "色相",
      "色艶",
      "色調",
      "艶",
      "隈取り",
      "音色",
      "風味"
    ],
    "ru": [
      "колер",
      "цвет"
    ],
    "zh": [
      "上色",
      "彩",
      "彩色",
      "色",
      "著色",
      "血色",
      "設色",
      "设色",
      "采",
      "顏",
      "顏色",
      "颜",
      "颜色"
    ]
  },
  "movie": {
    "ar": [
      "شريط",
      "شريط سينمائي",
      "عرض سينمائي",
      "فلم",
      "فيلم"
    ],
    "de": [
      "film",
      "spielfilm"
    ],
    "es": [
      "filme",
      "película",
      "producción"
    ],
    "fr": [
      "film",
      "œuvre cinématographique"
    ],
    "it": [
      "film",
      "pellicola"
    ],
    "ja": [
      "エクラン",
      "シネマ",
      "ピクチャー",
      "フィルム",
      "ムービー",
      "ムーヴィー",
      "写真",
      "劇場版",
      "動画",
      "映画",
      "活動",
      "活動写真",
      "電影"
    ],
    "ru": [
      "картина",
      "кинокартина",
      "кинофильм",
      "фильм"
    ],
    "zh": [
      "影",
      "影片",
      "片子",
      "电影",
      "電影"
    ]
  },
  "star": {
    "ar": [
      "كوكب",
      "نجم",
      "نجمة"
    ],
    "de": [
      "asteriskus",
      "celebrity",
      "star",
      "stern",
      "vedette"
    ],
    "fr": [
      "astre",
      "astérisque",
      "plomb",
      "principal",
      "star",
      "étoile"
    ],
    "ja": [
      "お星様",
      "エトワール",
      "スタア",
      "スター",
      "スター形配線リングネットワーク",
      "タレント",
      "主役",
      "主演",
      "主演 する",
      "主演者",
      "人気役者",
      "千両役者",
      "名優",
      "巨擘",
      "御星様",
      "恒星",
      "明星",
      "星",
      "星さま",
      "星印",
      "星斗",
      "星月",
      "星様",
      "星章",
      "流れ星",
      "白額",
      "花形",
      "辰星"
    ],
    "ru": [
      "звезда"
    ],
    "zh": [
      "主演",
      "呇",
      "大腕",
      "恆星",
      "恒星",
      "明星",
      "星",
      "琁"
    ],
    "es": [
      "estrella",
      "protagonista",
      "protagonizar"
    ],
    "it": [
      "astro",
      "celebrità",
      "divo",
      "star",
      "stella",
      "vedette"
    ]
  },
  "mountain": {
    "ar": [
      "جبل",
      "طود",
      "طور"
    ],
    "de": [
      "berg",
      "gebirge"
    ],
    "es": [
      "montaña",
      "monte"
    ],
    "fr": [
      "mont",
      "montagne"
    ],
    "it": [
      "montagna",
      "monte"
    ],
    "ja": [
      "お山",
      "ひと山",
      "ベルグ",
      "マウンテン",
      "一山",
      "山",
      "山岳",
      "山辺",
      "岳",
      "嶽",
      "御山",
      "牟礼"
    ],
    "ru": [
      "гора"
    ],
    "zh": [
      "山",
      "山岳",
      "山嶽",
      "山頭",
      "嵄",
      "陵"
    ]
  },
  "doctor": {
    "ar": [
      "حكيم",
      "دكتور",
      "طبيب"
    ],
    "de": [
      "arzt",
      "doktor",
      "doktorin",
      "dr",
      "formell",
      "mediziner",
      "medizinerin",
      "promovieren",
      "ärztin"
    ],
    "es": [
      "atender",
      "dm",
      "doc",
      "doctor",
      "dr",
      "facultativo",
      "médica",
      "médico",
      "tratar"
    ],
    "fr": [
      "docteur",
      "docteur de l église",
      "ellis park stadium",
      "falsifier",
      "médecin",
      "stériliser",
      "toubib"
    ],
    "it": [
      "curare",
      "dott",
      "dott.a",
      "dott.ssa",
      "dottor",
      "dottore",
      "dottore di ricerca",
      "dottoressa",
      "medico",
      "sanitario"
    ],
    "ja": [
      "お医者さん",
      "お医者さんごっこ",
      "お医者様",
      "ドクター",
      "ドクトル",
      "先生",
      "内科医",
      "刀圭",
      "刀圭家",
      "加療 する",
      "医",
      "医伯",
      "医員",
      "医家",
      "医師",
      "医者",
      "医者さん",
      "博",
      "博士",
      "国手",
      "御医者さん",
      "教会博士",
      "施術 する",
      "杏林",
      "治療 する",
      "薬師",
      "開業医"
    ],
    "ru": [
      "врач",
      "д р",
      "доктор",
      "лекарь",
      "медик"
    ],
    "zh": [
      "先生",
      "医",
      "医家",
      "医师",
      "医生",
      "博士",
      "大夫",
      "郎中",
      "醫",
      "醫家",
      "醫師",
      "醫生"
    ]
  },
  "country": {
    "ar": [
      "أرض",
      "بلد",
      "دولة",
      "ريف",
      "قرية",
      "منطقة",
      "ولاية"
    ],
    "de": [
      "country",
      "countrymusic",
      "land"
    ],
    "es": [
      "campo",
      "estado",
      "nación",
      "país",
      "tierra"
    ],
    "fr": [
      "campagne",
      "contrée",
      "pays",
      "terre"
    ],
    "it": [
      "campagna",
      "landa",
      "nazione",
      "paese",
      "stato",
      "terra"
    ],
    "ja": [
      "いなか",
      "お国",
      "み国",
      "カントリー",
      "ステイト",
      "ステート",
      "ルーラル地域",
      "国",
      "国土",
      "国家",
      "國",
      "在",
      "在地",
      "在所",
      "在方",
      "在郷",
      "地方",
      "御国",
      "御國",
      "田園",
      "田舎",
      "田苑",
      "社稷",
      "邦",
      "邦土",
      "郷",
      "鄙",
      "里"
    ],
    "ru": [
      "земля",
      "край",
      "страна"
    ],
    "zh": [
      "国",
      "国家",
      "国度",
      "國",
      "國家",
      "國度",
      "江山",
      "社稷",
      "邦",
      "邦国",
      "邦國",
      "鄕"
    ]
  },
  "cat": {
    "ar": [
      "قط",
      "قطة",
      "هر",
      "هرة"
    ],
    "de": [
      "büsi",
      "kater",
      "katze"
    ],
    "fr": [
      "caponner",
      "chat",
      "minet",
      "tao"
    ],
    "it": [
      "caponare",
      "gatto"
    ],
    "es": [
      "felis silvestris catus",
      "gata",
      "gato"
    ],
    "ja": [
      "にゃあにゃあ",
      "にゃあん",
      "にゃにゃ",
      "にゃん",
      "にゃんにゃん",
      "にゃーん",
      "ぬこ",
      "カト",
      "キャット",
      "クレジットカード与信照会用端末",
      "ネコ",
      "唐猫",
      "猫"
    ],
    "ru": [
      "кошка"
    ],
    "zh": [
      "喵",
      "喵星人",
      "猫",
      "貓",
      "馬腳",
      "马脚"
    ]
  },
  "window": {
    "ar": [
      "شباك",
      "نافذة"
    ],
    "de": [
      "fenster",
      "luke",
      "windauge"
    ],
    "es": [
      "ventana",
      "ventanilla"
    ],
    "fr": [
      "fenêtre",
      "hublot",
      "vitre"
    ],
    "it": [
      "finestra",
      "finestrino",
      "luce"
    ],
    "ja": [
      "ウィンドウ",
      "ウィンドー",
      "ウインドウ",
      "ウインドー",
      "窓",
      "窓付き",
      "窓口",
      "窓表示域変換",
      "窓際",
      "窗",
      "車窓",
      "風窓"
    ],
    "ru": [
      "окно"
    ],
    "zh": [
      "囪門",
      "囱门",
      "楪",
      "窗",
      "窗口",
      "窗子",
      "窗戶",
      "窗户",
      "窗扇",
      "視窗",
      "视窗",
      "風窗",
      "风窗"
    ]
  },
  "bird": {
    "ar": [
      "برطال",
      "حمامة",
      "طائر",
      "طاير",
      "طير",
      "عصفور",
      "عصفورة"
    ],
    "de": [
      "vogel"
    ],
    "es": [
      "ave",
      "aves",
      "galloanserae",
      "pájaro"
    ],
    "fr": [
      "doigt d honneur",
      "gonzesse",
      "nana",
      "oiseau",
      "oiselet",
      "oiselle",
      "petit oiseau",
      "porridge",
      "stretch",
      "taule",
      "tôle",
      "volaille"
    ],
    "it": [
      "dito d onore",
      "pennuto",
      "uccello",
      "volatile",
      "volatio",
      "volativo"
    ],
    "ja": [
      "とっと",
      "とと",
      "バード",
      "小鳥",
      "禽",
      "禽鳥",
      "飛禽",
      "鳥",
      "鳥肉",
      "鳥類"
    ],
    "ru": [
      "птах",
      "птаха",
      "пташка",
      "птица"
    ],
    "zh": [
      "莺鸟",
      "雀",
      "雀鳥",
      "雀鸟",
      "飛鳥",
      "飞鸟",
      "鳥",
      "鳥兒",
      "鳥禽",
      "鳥雀",
      "鶯鳥",
      "鸟",
      "鸟儿",
      "鸟禽",
      "鸟雀"
    ]
  },
  "restaurant": {
    "ar": [
      "ريسطورة",
      "مطعم"
    ],
    "de": [
      "gaststätte",
      "lokal",
      "restaurant",
      "restaurationsbetrieb"
    ],
    "es": [
      "restaurante",
      "restorán"
    ],
    "fr": [
      "restaurant"
    ],
    "it": [
      "restaurant",
      "ristorante",
      "trattoria"
    ],
    "ja": [
      "お食事処",
      "グリル",
      "レストラン",
      "レストラント",
      "割烹店",
      "大衆食堂",
      "小料理屋",
      "店屋",
      "御食事処",
      "料亭",
      "料理屋",
      "料理店",
      "料理茶屋",
      "旗亭",
      "茶寮",
      "酒楼",
      "食べ物屋",
      "食堂",
      "食物屋",
      "飯屋",
      "飲食店"
    ],
    "ru": [
      "ресторан"
    ],
    "zh": [
      "居",
      "料理店",
      "菜館",
      "菜馆",
      "酒家",
      "酒店",
      "酒楼",
      "酒樓",
      "酒館兒",
      "酒馆儿",
      "食肆",
      "飯店",
      "飯館",
      "餐厅",
      "餐廳",
      "餐飲店",
      "餐館",
      "餐饮店",
      "餐馆",
      "館子",
      "饭店",
      "饭馆",
      "馆子"
    ]
  },
  "chair": {
    "ar": [
      "كرسي",
      "مقعد"
    ],
    "de": [
      "lehrstuhl",
      "stuhl",
      "vorsitz"
    ],
    "es": [
      "asiento",
      "dirigir",
      "gobernar",
      "presidente",
      "presidir",
      "silla"
    ],
    "fr": [
      "chaise",
      "fauteuil",
      "président"
    ],
    "it": [
      "poltrona",
      "presiedere",
      "sedia",
      "seggiola"
    ],
    "ja": [
      "いす",
      "ソファ",
      "チェア",
      "倚子",
      "司会 する",
      "椅子",
      "腰かけ",
      "腰掛",
      "腰掛け"
    ],
    "ru": [
      "стул"
    ],
    "zh": [
      "凳",
      "坐椅",
      "椅",
      "椅子",
      "櫈"
    ]
  },
  "ball": {
    "ar": [
      "كبة",
      "كتلة",
      "كرة",
      "كورة"
    ],
    "de": [
      "ball",
      "ballen",
      "hoden",
      "klöten",
      "knäuel",
      "kugel"
    ],
    "fr": [
      "bal",
      "balle",
      "ballon",
      "bille",
      "bloc",
      "boule",
      "couille",
      "globe",
      "gosse",
      "orbe",
      "pelote",
      "sphère",
      "terre",
      "testicule"
    ],
    "es": [
      "baile",
      "balón",
      "bola",
      "bultito",
      "bulto",
      "esfera",
      "pelota",
      "terrón",
      "trozo"
    ],
    "it": [
      "aggomitolare",
      "ballo",
      "globo",
      "palla",
      "pallone",
      "raggomitolare",
      "veglione",
      "zolla"
    ],
    "ja": [
      "コウ丸",
      "ボール",
      "円球",
      "団塊",
      "固まり",
      "固り",
      "塊",
      "塊まり",
      "夜会",
      "弾",
      "毬",
      "玉",
      "珠",
      "球",
      "球体",
      "舞踏会",
      "鞠"
    ],
    "ru": [
      "бал",
      "сфера",
      "шар"
    ],
    "zh": [
      "丸",
      "团",
      "圆珠",
      "圆球",
      "圓珠",
      "圓球",
      "團",
      "弹",
      "彈",
      "毬",
      "球",
      "球弹",
      "球彈",
      "皮球",
      "舞会",
      "舞會"
    ]
  },
  "team": {
    "ar": [
      "فرقة",
      "فريق"
    ],
    "de": [
      "arbeitsgemeinschaft",
      "crew",
      "gang",
      "gespann",
      "mannschaft",
      "team"
    ],
    "es": [
      "equipo",
      "tiro",
      "yunta"
    ],
    "ru": [
      "упряжка"
    ],
    "fr": [
      "attelage",
      "détachement",
      "groupe",
      "équipe"
    ],
    "it": [
      "attacco",
      "clan",
      "compagine",
      "equipe",
      "manipolo",
      "muta",
      "nucleo",
      "squadra",
      "tiro"
    ],
    "ja": [
      "a チーム",
      "チーム",
      "ティーム",
      "ナイン",
      "分隊",
      "班",
      "組",
      "組み",
      "選手団",
      "隊"
    ],
    "zh": [
      "团体",
      "团队",
      "團隊",
      "團體",
      "班",
      "組",
      "组",
      "队",
      "隊",
      "集体",
      "集體"
    ]
  },
  "player": {
    "ar": [
      "لاعب",
      "مشارك",
      "مشترك"
    ],
    "de": [
      "mp3 player",
      "player",
      "spieler",
      "spielerin"
    ],
    "es": [
      "jugador",
      "jugadora"
    ],
    "fr": [
      "joueur",
      "joueuse",
      "lecteur",
      "participant",
      "protagoniste"
    ],
    "it": [
      "giocatore"
    ],
    "ja": [
      "プレイヤ",
      "プレイヤー",
      "プレーヤ",
      "プレーヤー",
      "俳優",
      "吹き",
      "奏者",
      "弾き",
      "河原者",
      "演奏者",
      "芸人",
      "選手"
    ],
    "ru": [
      "игрок"
    ],
    "zh": [
      "单放机",
      "單放機",
      "局中人",
      "播放机",
      "播放機",
      "玩家",
      "玩者",
      "竞赛者",
      "競賽者",
      "运动员",
      "选手",
      "運動員",
      "選手"
    ]
  },
  "sport": {
    "ar": [
      "ألعاب رياضية",
      "رياضة"
    ],
    "de": [
      "sport",
      "sportart"
    ],
    "es": [
      "deporte",
      "deportista",
      "veraneante de maine",
      "veraneante en maine"
    ],
    "fr": [
      "caractériser",
      "catch",
      "figurer",
      "sport",
      "sportif",
      "sportive"
    ],
    "it": [
      "sport",
      "sportivo",
      "vantare"
    ],
    "ja": [
      "じゃれ付く",
      "とち狂う",
      "どち狂う",
      "ひけらかす",
      "スポ",
      "スポーツ",
      "スポーツせんしゅ",
      "スポーツウーマン",
      "スポーツマン",
      "変りもの",
      "変り者",
      "変わり者",
      "巫山戯",
      "戯る",
      "戯れ",
      "戯れつく",
      "戯れる",
      "戯れ付く",
      "見せつける",
      "見せびらかす",
      "運動",
      "運動競技"
    ],
    "ru": [
      "спорт"
    ],
    "zh": [
      "运动",
      "運動"
    ]
  },
  "friend": {
    "ar": [
      "رفيق",
      "صاحب",
      "صاحبة",
      "صديق",
      "صديقة"
    ],
    "de": [
      "befreundet",
      "bekannte",
      "bekannter",
      "freund",
      "freundin",
      "kamerad",
      "kameradin",
      "kumpel",
      "kumpelin",
      "kurschatten",
      "mate"
    ],
    "es": [
      "amiga",
      "amigo"
    ],
    "fr": [
      "ami",
      "amie",
      "classe amie",
      "copain",
      "copine"
    ],
    "it": [
      "amica",
      "amico"
    ],
    "ja": [
      "だち",
      "アミ",
      "ダチ",
      "フレンド",
      "交友",
      "交遊",
      "仲よし",
      "仲良",
      "仲良し",
      "仲間",
      "傍輩",
      "兄弟",
      "匹偶",
      "匹耦",
      "友",
      "友だち",
      "友つ人",
      "友人",
      "友垣",
      "友子",
      "友朋",
      "友達",
      "同朋",
      "味方",
      "妹",
      "御方",
      "心",
      "朋",
      "朋友",
      "朋輩",
      "知る辺",
      "知人",
      "知友",
      "身方",
      "顔なじみ",
      "顔馴染",
      "顔馴染み",
      "馴じみ",
      "馴染",
      "馴染み"
    ],
    "ru": [
      "друг",
      "подруга",
      "приятель",
      "приятельница",
      "товарищ"
    ],
    "zh": [
      "友",
      "友人",
      "好友",
      "好朋友",
      "故",
      "朋",
      "朋友",
      "熟人"
    ]
  },
  "bus": {
    "ar": [
      "أوتوبوس",
      "أوتوبيس",
      "اتوبوس",
      "اتوبيس",
      "باص",
      "حافلة",
      "سيارة عتيقة"
    ],
    "de": [
      "autobus",
      "bus",
      "coach",
      "omnibus"
    ],
    "es": [
      "andar en bus",
      "autobús",
      "bondi",
      "bote",
      "bus",
      "camioneta",
      "camión",
      "cazadora",
      "chiva",
      "guagua",
      "micro",
      "rufa",
      "ómnibus"
    ],
    "fr": [
      "autobus",
      "autocar",
      "bus",
      "plateforme bus",
      "épave"
    ],
    "it": [
      "autobus",
      "autocorriera",
      "autopullman",
      "autopulman",
      "bagnarola",
      "caffettiera",
      "carretta",
      "catenaccio",
      "catorcio",
      "corriera",
      "macinino",
      "pullman",
      "torpedone",
      "trabiccolo"
    ],
    "ja": [
      "2 階建てバス",
      "2 階建バス",
      "おんぼろ車",
      "オムニバス",
      "ダブルデッカ",
      "ダブルデッカー",
      "バス",
      "乗りあい",
      "乗り合い",
      "乗り合い自動車",
      "乗合",
      "乗合い",
      "乗合自動車",
      "二階建てバス",
      "二階建バス",
      "母線"
    ],
    "ru": [
      "автобус"
    ],
    "zh": [
      "公交",
      "公交車",
      "公交车",
      "公共汽車",
      "公共汽车",
      "公汽",
      "公車",
      "公车",
      "客車",
      "客车",
      "巴士",
      "广播和未知服务器",
      "廣播和未知服務器",
      "母線",
      "母线",
      "汽車",
      "汽车"
    ]
  },
  "fish": {
    "ar": [
      "حوت",
      "حوتة",
      "سمك",
      "سمكة",
      "صاد",
      "صيد"
    ],
    "de": [
      "angeln",
      "fisch",
      "fischen",
      "fischlein"
    ],
    "es": [
      "pescado",
      "pescar",
      "pez",
      "pisces"
    ],
    "fr": [
      "angle",
      "pois",
      "poisson",
      "poissons",
      "pêche",
      "pêcher"
    ],
    "it": [
      "pescare",
      "pesce"
    ],
    "ru": [
      "ловить рыбу",
      "рыба",
      "рыбачить"
    ],
    "ja": [
      "うお座",
      "うろくず",
      "さ文字",
      "とっと",
      "とと",
      "フィッシュ",
      "ポアソン",
      "ポワソン",
      "双魚宮",
      "喉",
      "御魚",
      "漁る",
      "糸を垂れる",
      "釣る",
      "銀鱗",
      "魚",
      "魚を釣る",
      "魚座",
      "魚族",
      "魚肉",
      "魚類",
      "鱗"
    ],
    "zh": [
      "打魚",
      "打鱼",
      "捕撈",
      "捕魚",
      "捕鱼",
      "渔",
      "漁",
      "釣",
      "釣魚",
      "钓鱼",
      "魚",
      "魚兒",
      "魚類",
      "鱄",
      "鱻",
      "鱼",
      "鱼儿",
      "鲜"
    ]
  },
  "city": {
    "ar": [
      "lmdina",
      "سكان المدينة",
      "مدينة"
    ],
    "de": [
      "grossstadt",
      "stadt"
    ],
    "es": [
      "ciudad",
      "urbe"
    ],
    "fr": [
      "city",
      "cité",
      "grande ville",
      "métropole",
      "ville"
    ],
    "it": [
      "città",
      "metropoli"
    ],
    "ja": [
      "シティ",
      "シティー",
      "ポリス",
      "メトロポリス",
      "中心地",
      "京師",
      "大都市",
      "市",
      "市内",
      "市立",
      "市街",
      "市邑",
      "町",
      "都会",
      "都市",
      "都邑",
      "首府"
    ],
    "ru": [
      "город",
      "град",
      "сити"
    ],
    "zh": [
      "伦敦城",
      "倫敦城",
      "城",
      "城市",
      "城池",
      "市",
      "市立",
      "西堤区",
      "西堤區",
      "邑",
      "都会",
      "都市",
      "都會"
    ]
  },
  "bicycle": {
    "ar": [
      "بسكلتة",
      "بشكليت",
      "بشكليطة",
      "دراجة",
      "دراجة هوائية",
      "دراجة هوايية",
      "ركب الدراجة",
      "ساق الدراجة",
      "عجلة",
      "قاد الدراجة"
    ],
    "de": [
      "bike",
      "drahtesel",
      "fahrrad",
      "rad",
      "velo",
      "veloziped",
      "zweirad"
    ],
    "es": [
      "andar en bicicleta",
      "andar sobre ruedas",
      "bici",
      "bicicleta",
      "pedalear"
    ],
    "fr": [
      "bicyclette",
      "bécane",
      "faire du vélo",
      "vélo",
      "vélocipède"
    ],
    "it": [
      "bici",
      "bicicletta",
      "ciclo",
      "pedalare"
    ],
    "ja": [
      "ちゃり",
      "ちゃりんこ",
      "サイクル",
      "チャリ",
      "チャリンコ",
      "バイシクル",
      "自転車",
      "銀輪"
    ],
    "ru": [
      "велик",
      "велосипед"
    ],
    "zh": [
      "单车",
      "單車",
      "脚踏车",
      "脚车",
      "腳踏車",
      "腳車",
      "自由車",
      "自由车",
      "自行車",
      "自行车",
      "鐵馬",
      "铁马"
    ]
  },
  "teacher": {
    "ar": [
      "lmoealim",
      "استاذ",
      "خوجه",
      "مدرس",
      "مدرسة",
      "معلم",
      "معلمة"
    ],
    "de": [
      "index",
      "lehrer",
      "lehrerin",
      "lehrkraft",
      "pauker"
    ],
    "es": [
      "docente",
      "maestra",
      "maestro",
      "profesor",
      "profesora"
    ],
    "fr": [
      "enseignant",
      "instituteur",
      "instructeur",
      "maître",
      "maître d école",
      "professeur"
    ],
    "it": [
      "aio",
      "docente",
      "educatore",
      "insegnante",
      "istruttore",
      "maestra",
      "maestro",
      "precettore",
      "professore",
      "professoressa"
    ],
    "ja": [
      "インストラクター",
      "イントラ",
      "ティーチャ",
      "ティーチャー",
      "先公",
      "先生",
      "宗匠",
      "師",
      "師儒",
      "師匠",
      "師家",
      "師範",
      "師表",
      "師資",
      "恩師",
      "指南役",
      "指南番",
      "指導員",
      "教員",
      "教喩",
      "教官",
      "教師",
      "教育家",
      "教育者",
      "教諭",
      "老師",
      "訓迪"
    ],
    "ru": [
      "наставник",
      "наставница",
      "преподаватель",
      "преподавательница",
      "учитель",
      "учительница"
    ],
    "zh": [
      "业师",
      "先生",
      "导师",
      "導師",
      "师",
      "师尊",
      "师长",
      "師",
      "師尊",
      "師長",
      "恩师",
      "恩師",
      "教员",
      "教員",
      "教师",
      "教師",
      "業師",
      "老师",
      "老師"
    ]
  },
  "river": {
    "ar": [
      "انهار",
      "انهر",
      "نهر"
    ],
    "de": [
      "fluss",
      "strom"
    ],
    "es": [
      "río"
    ],
    "fr": [
      "fleuve",
      "riverain",
      "rivière",
      "torrent",
      "éridan"
    ],
    "it": [
      "fiume",
      "rivo"
    ],
    "ja": [
      "エリダヌス座",
      "リバー",
      "大河",
      "川",
      "川 河",
      "河",
      "河渠",
      "渠河",
      "滝川",
      "谷川"
    ],
    "ru": [
      "река",
      "речка"
    ],
    "zh": [
      "川",
      "水",
      "水流",
      "江",
      "江河",
      "江流",
      "河",
      "河川",
      "河流",
      "賧",
      "赕"
    ]
  },
  "food": {
    "ar": [
      "اكل",
      "طعام",
      "غذاء",
      "قوت",
      "مادة مغذية",
      "ماكل",
      "ماكلة",
      "ماكولات"
    ],
    "de": [
      "board",
      "essen",
      "feed",
      "food",
      "frass",
      "lebensmittel",
      "nahrung",
      "nahrungsmittel",
      "nutriment",
      "nutrition",
      "regimen",
      "speise"
    ],
    "es": [
      "alimento",
      "comida",
      "nutriente",
      "nutrimento",
      "sustento"
    ],
    "fr": [
      "aliment",
      "alimentation",
      "bouffe",
      "chère",
      "comestible",
      "familier",
      "manger",
      "matière à penser",
      "nourriture",
      "nutriment",
      "pâture"
    ],
    "it": [
      "alimento",
      "cibo",
      "mangiare",
      "pasto",
      "sostanza nutritiva",
      "vitto"
    ],
    "ja": [
      "フード",
      "兵粮",
      "兵糧",
      "包丁",
      "召し上がり物",
      "庖丁",
      "心の糧",
      "旨々",
      "旨旨",
      "栄養",
      "栄養分",
      "栄養物",
      "栄養素",
      "水たき",
      "水炊",
      "水炊き",
      "滋養",
      "滋養分",
      "粮",
      "糧",
      "考える材料",
      "膳",
      "膳部",
      "蝕",
      "食",
      "食い物",
      "食べ物",
      "食品",
      "食料",
      "食物",
      "食糧",
      "飯",
      "餌"
    ],
    "ru": [
      "еда",
      "корм",
      "питание",
      "пища"
    ],
    "zh": [
      "伙食",
      "口实",
      "口實",
      "口腹",
      "吃食",
      "嘢食",
      "篹",
      "粮",
      "粻",
      "糧",
      "食",
      "食品",
      "食物",
      "飯",
      "飯菜",
      "飯食",
      "餇",
      "養分",
      "餌",
      "餐点",
      "餐點",
      "饋",
      "饌",
      "饎",
      "饭",
      "饭菜",
      "饭食",
      "饵",
      "馈",
      "馔"
    ]
  },
  "game": {
    "ar": [
      "صيد",
      "لعب",
      "لعبة",
      "مباراة"
    ],
    "de": [
      "gamen",
      "spiel",
      "wild",
      "wildbret"
    ],
    "es": [
      "caza",
      "el juego",
      "juego",
      "ludo",
      "negocio",
      "presa"
    ],
    "fr": [
      "catch",
      "combattant anglais",
      "gibier",
      "jeu",
      "match",
      "partie"
    ],
    "it": [
      "balocco",
      "caccia",
      "cacciagione",
      "giocata",
      "gioco",
      "partita",
      "selvaggina",
      "selvaggiume",
      "selvatico"
    ],
    "ja": [
      "ゲーム",
      "ジビエ",
      "マッチ",
      "一戦",
      "一番",
      "仕合",
      "勝負",
      "勝負事",
      "収獲",
      "回戦",
      "局",
      "御前試合",
      "手合わせ",
      "本番",
      "狩猟肉",
      "狩猟鳥獣",
      "猟",
      "猟獣",
      "獲物",
      "競技",
      "試合",
      "遊び",
      "遊び事",
      "遊戯",
      "野生肉"
    ],
    "ru": [
      "игра"
    ],
    "zh": [
      "局",
      "把戏",
      "把戲",
      "游戏",
      "獵物",
      "球",
      "遊戲",
      "野味"
    ]
  },
  "black": {
    "ar": [
      "أسود",
      "اسود",
      "سود",
      "سوداء",
      "كحال"
    ],
    "de": [
      "rappe",
      "schwarz",
      "schwärze",
      "wichsen"
    ],
    "es": [
      "negro"
    ],
    "fr": [
      "achromatique",
      "galeux",
      "noir"
    ],
    "it": [
      "nero"
    ],
    "ja": [
      "か黒い",
      "まっ黒い",
      "ダーク",
      "ブラック",
      "墨ぞめ",
      "墨染め",
      "暗然",
      "涅色",
      "直黒",
      "真っ黒",
      "真っ黒い",
      "碧",
      "蒼",
      "闇然",
      "青",
      "青毛",
      "黒",
      "黒い",
      "黒いこと",
      "黒石",
      "黒色",
      "黯然"
    ],
    "ru": [
      "вороной",
      "чёрный"
    ],
    "zh": [
      "不加牛奶",
      "乌",
      "乌色",
      "乌黑色",
      "卢",
      "淄",
      "烏",
      "烏色",
      "烏黑色",
      "玄",
      "玈",
      "皁",
      "皂",
      "盧",
      "魖",
      "黎",
      "黑",
      "黑糊糊",
      "黑色",
      "黓",
      "黝",
      "黝黑",
      "黢",
      "黮"
    ]
  },
  "computer": {
    "ar": [
      "حاسب",
      "حاسب آلي",
      "حاسبة الكترونية",
      "حاسوب",
      "كمبيوتر"
    ],
    "de": [
      "computer",
      "rechner"
    ],
    "es": [
      "computador",
      "computadora",
      "ordenador",
      "procesador"
    ],
    "fr": [
      "calculateur",
      "informatique",
      "ordinateur"
    ],
    "it": [
      "calcolatore",
      "calcolatore elettronico",
      "cervello elettronico",
      "computer",
      "elaboratore"
    ],
    "ja": [
      "コンピュータ",
      "コンピューター",
      "データプロセッサー",
      "計算器",
      "計算機",
      "電子計算機",
      "電算",
      "電算機",
      "電脳"
    ],
    "ru": [
      "компьютер",
      "эвм"
    ],
    "zh": [
      "电脑",
      "計算機",
      "计算机",
      "電腦"
    ]
  },
  "green": {
    "de": [
      "green",
      "grün",
      "grüne",
      "grünen",
      "grüner",
      "grünfläche",
      "rasen"
    ],
    "ar": [
      "اخضر",
      "خضر",
      "خضراء"
    ],
    "es": [
      "crudo",
      "green river",
      "verde"
    ],
    "fr": [
      "gazon",
      "green river",
      "immature",
      "vert",
      "végétaliser",
      "écolo"
    ],
    "it": [
      "acerbo",
      "immaturo",
      "verde"
    ],
    "ja": [
      "くちばしが黄色い",
      "グリーン",
      "グリーン川",
      "パッティンググリーン",
      "不熟",
      "乳臭い",
      "初",
      "初心",
      "嘴が黄色い",
      "新緑の色",
      "未成熟",
      "未熟",
      "生",
      "生々しい",
      "生熟",
      "生熟れ",
      "生生しい",
      "産",
      "碧",
      "碧い",
      "碧色",
      "緑",
      "緑であること",
      "緑色",
      "翠",
      "翠緑",
      "翠色",
      "若い",
      "蒼",
      "蒼い",
      "雛",
      "青",
      "青い",
      "青っぽい"
    ],
    "ru": [
      "зелёный"
    ],
    "zh": [
      "果岭",
      "果嶺",
      "滴翠",
      "碧瓦",
      "綠",
      "綠色",
      "绿",
      "绿色",
      "芊",
      "菉",
      "鷫鸘",
      "鹔鹴"
    ]
  },
  "moon": {
    "ar": [
      "قمر",
      "ڭمرة"
    ],
    "de": [
      "erdsatellit",
      "erdtrabant",
      "mond"
    ],
    "es": [
      "luna"
    ],
    "fr": [
      "lune",
      "mois",
      "montrer",
      "montrer sa lune"
    ],
    "it": [
      "luna"
    ],
    "ja": [
      "お月さま",
      "お月様",
      "ケツを捲る",
      "ムーン",
      "久堅",
      "久方",
      "太陰",
      "尻をまくる",
      "尻を捲る",
      "御月様",
      "月",
      "月の輪",
      "月世界",
      "月代",
      "月夜見",
      "月形のもの",
      "月影",
      "月桂",
      "月球",
      "月読",
      "月読み",
      "月輪",
      "桂月",
      "氷輪",
      "玄兎",
      "玉兎",
      "玉桂",
      "衛星"
    ],
    "ru": [
      "луна",
      "месяц"
    ],
    "zh": [
      "丽魄",
      "冰輪",
      "冰轮",
      "卫星",
      "太阴",
      "太陰",
      "婵娟",
      "嬋娟",
      "月",
      "月亮",
      "月球",
      "玉兔",
      "蟾",
      "衛星",
      "阴",
      "陰",
      "麗魄"
    ]
  },
  "red": {
    "de": [
      "rot",
      "röte"
    ],
    "fr": [
      "bureaucratie",
      "paperasserie",
      "rouge"
    ],
    "ar": [
      "احمر",
      "حمر",
      "حمراء"
    ],
    "es": [
      "colorado",
      "rojo",
      "rubicundo",
      "rubro",
      "rufo",
      "río rojo",
      "rúbeo"
    ],
    "it": [
      "rosso",
      "rubino"
    ],
    "ja": [
      "さ丹",
      "レッド",
      "ロッソ",
      "丹い",
      "丹色",
      "丹赤",
      "公時",
      "朱",
      "朱い",
      "朱塗",
      "真赭",
      "紅",
      "紅い",
      "紅色",
      "緋",
      "緋い",
      "赤",
      "赤い",
      "赤いこと",
      "赤み",
      "赤丹",
      "赤字",
      "赤色",
      "赭い",
      "金時"
    ],
    "ru": [
      "алый",
      "красный",
      "червонный"
    ],
    "zh": [
      "丹",
      "奭",
      "彤",
      "紅",
      "紅心",
      "紅撲撲",
      "紅橙黃綠藍靛紫",
      "紅色",
      "红",
      "红心",
      "红扑扑",
      "红橙黄绿蓝靛紫",
      "红色",
      "赤",
      "赩",
      "赯",
      "黕"
    ]
  },
  "house": {
    "ar": [
      "آوى",
      "أعد منزلا",
      "احتوى",
      "بيت",
      "خيمة",
      "دار",
      "سكن",
      "قدم مسكنا",
      "قدم منزلا",
      "مجلس",
      "منزل"
    ],
    "de": [
      "clan",
      "haus",
      "hausen",
      "house",
      "husen",
      "line"
    ],
    "es": [
      "albergar",
      "alojar",
      "casa",
      "comunidad religiosa",
      "cámara",
      "cámara de representantes",
      "dar alojamiento",
      "domiciliar",
      "hospedar"
    ],
    "it": [
      "abitazione",
      "camera",
      "casa",
      "casata",
      "mamma e papà",
      "platea",
      "progenie"
    ],
    "ja": [
      "お宅",
      "お家",
      "ままごと",
      "カーサ",
      "ハウス",
      "メゾン",
      "一家",
      "一戸建て",
      "一軒家",
      "一軒屋",
      "人家",
      "人屋",
      "令堂",
      "住い",
      "住まい",
      "住まわせる",
      "住みか",
      "住み処",
      "住み家",
      "住処",
      "住宅",
      "住家",
      "住居",
      "住屋",
      "収める",
      "名家",
      "名門",
      "宅",
      "定住させる",
      "室家",
      "家",
      "家台",
      "家宅",
      "家屋",
      "宿",
      "小宅",
      "居",
      "居宅",
      "居所",
      "居館",
      "屋",
      "屋体",
      "屋台",
      "屋宇",
      "屋舎",
      "建屋",
      "建物",
      "戸",
      "戸建",
      "戸建て",
      "栖",
      "格納 する",
      "棲み家",
      "棲家",
      "聴衆",
      "舎",
      "観客",
      "議場",
      "議院",
      "部族",
      "館",
      "高家"
    ],
    "ru": [
      "дом"
    ],
    "zh": [
      "代",
      "住宅",
      "住舍",
      "宅子",
      "宅舍",
      "宅院",
      "家",
      "家宅",
      "居",
      "屋",
      "屋企",
      "屋子",
      "屋宇",
      "戶",
      "房",
      "房子",
      "房屋",
      "房舍",
      "收容",
      "朝",
      "朝代",
      "民宅",
      "浩室",
      "窩",
      "門",
      "门"
    ],
    "fr": [
      "assigner",
      "bâtiment",
      "chambre",
      "députer",
      "maison"
    ]
  },
  "white": {
    "ar": [
      "أبيض",
      "ابيض",
      "بيضاء",
      "قوقازي"
    ],
    "de": [
      "kohlweissling",
      "weiss",
      "weisse",
      "weisser"
    ],
    "es": [
      "blanco",
      "white river"
    ],
    "fr": [
      "achromatique",
      "blanc",
      "blancheur",
      "caucasien",
      "mckim",
      "white river"
    ],
    "it": [
      "bianchezza",
      "bianchi",
      "bianco",
      "candore",
      "pallidezza"
    ],
    "ja": [
      "ビアンコ",
      "ホワイト",
      "ホワイド",
      "白",
      "白い",
      "白いこと",
      "白さ",
      "白み",
      "白妙",
      "白栲",
      "白毛",
      "白皙",
      "白石",
      "白色",
      "真っ白い",
      "純白"
    ],
    "ru": [
      "белый цвет"
    ],
    "zh": [
      "怀特",
      "懷特",
      "晰",
      "暠",
      "白",
      "白白",
      "白皙",
      "白色",
      "皎",
      "皑",
      "皒皒",
      "皓",
      "皘",
      "皙",
      "皚",
      "皤",
      "皫",
      "粉",
      "粉色",
      "紈",
      "素",
      "纨",
      "要加牛奶",
      "顥",
      "颢",
      "魚肚白",
      "鱼肚白"
    ]
  },
  "hospital": {
    "de": [
      "heeresspital",
      "hospital",
      "klinik",
      "klinikum",
      "krankenhaus",
      "spital"
    ],
    "ar": [
      "صبيطار",
      "مارستان",
      "مستشفى"
    ],
    "es": [
      "clínica",
      "hospital"
    ],
    "fr": [
      "centre hospitalier",
      "hospitalier",
      "hosto",
      "hôpital",
      "infirmerie"
    ],
    "it": [
      "nosocomio",
      "ospedale"
    ],
    "ja": [
      "ホスピタル",
      "病舎",
      "病院"
    ],
    "ru": [
      "больница",
      "госпиталь",
      "клиника",
      "лечебница"
    ],
    "zh": [
      "医院",
      "醫院",
      "院"
    ]
  },
  "yellow": {
    "de": [
      "gelb"
    ],
    "ar": [
      "اصفر",
      "صفر",
      "صفراء"
    ],
    "es": [
      "amarillo",
      "temeroso"
    ],
    "fr": [
      "jaune",
      "jaunir"
    ],
    "it": [
      "codardo",
      "fifone",
      "giallo",
      "ingiallire",
      "ingiallirsi",
      "pavido",
      "pusillanime",
      "timoroso"
    ],
    "ja": [
      "イェロウ",
      "イェロー",
      "イエロー",
      "鬱金色",
      "黄",
      "黄いろい",
      "黄ばむ",
      "黄み",
      "黄味",
      "黄色",
      "黄色い",
      "黄色くなる",
      "黄色であること",
      "黄色になる"
    ],
    "ru": [
      "жёлтый"
    ],
    "zh": [
      "斢",
      "顑",
      "黃",
      "黃色",
      "黄",
      "黄色"
    ]
  },
  "work": {
    "ar": [
      "اجتهد",
      "اشتغل",
      "تابع",
      "خدم",
      "خدمة",
      "شغل",
      "شكل",
      "صنع",
      "عالج",
      "عمل",
      "واصل"
    ],
    "de": [
      "arbeit",
      "arbeiten",
      "arbeitssuchend",
      "bearbeitung",
      "dienst",
      "klappen",
      "werk",
      "wirken"
    ],
    "es": [
      "agregar",
      "añadir",
      "esforzarse",
      "funcionar",
      "laburar",
      "llevar",
      "obra",
      "procesar",
      "trabajar",
      "trabajo",
      "transformar"
    ],
    "fr": [
      "agir",
      "bosser",
      "chaudronner",
      "chômer",
      "création",
      "emploi",
      "exploiter",
      "faire",
      "faire fonctionner",
      "fonctionner",
      "forger",
      "job",
      "jouer",
      "marcher",
      "opérer",
      "ouvrage",
      "processus",
      "procéder",
      "pétrir",
      "se servir de",
      "sembler",
      "taffer",
      "travail",
      "travailler",
      "œuvre"
    ],
    "it": [
      "essere",
      "fare",
      "funzionare",
      "impiego",
      "lavorare",
      "lavoro",
      "occupazione",
      "opera"
    ],
    "ja": [
      "トラバーユ",
      "バイト",
      "ワーク",
      "事",
      "仕事",
      "仕事量",
      "作",
      "作品",
      "作業",
      "作用 する",
      "使役 する",
      "働かす",
      "働かせる",
      "働き",
      "働く",
      "利く",
      "制作",
      "創作",
      "加工 する",
      "労",
      "労する",
      "労働",
      "労働 する",
      "労動",
      "労務",
      "労役",
      "効く",
      "動く",
      "務める",
      "勤める",
      "勤労 する",
      "勤務",
      "勤務 する",
      "営み",
      "就労 する",
      "工事",
      "工作",
      "役使 する",
      "施工",
      "業",
      "業務",
      "業績",
      "機能 する",
      "相勤める",
      "稼げる",
      "立ち働く",
      "細工",
      "細工 する",
      "縡",
      "職",
      "職業",
      "著",
      "行く"
    ],
    "ru": [
      "делать",
      "ладиться",
      "работа",
      "работать",
      "труд",
      "трудиться"
    ],
    "zh": [
      "事",
      "事务",
      "事務",
      "事由",
      "作业",
      "作品",
      "作業",
      "做事",
      "做生活",
      "働",
      "办事",
      "办公",
      "功",
      "加工",
      "劳作",
      "劳动",
      "勞作",
      "勞動",
      "工",
      "工作",
      "干",
      "干活",
      "幹",
      "幹活",
      "打",
      "撰述",
      "操作",
      "活",
      "活儿",
      "活兒",
      "活計",
      "活计",
      "职业",
      "職業",
      "辦事",
      "辦公",
      "运转",
      "運轉"
    ]
  },
  "airport": {
    "ar": [
      "مطار"
    ],
    "de": [
      "flughafen",
      "flugplatz"
    ],
    "es": [
      "aeropuerto"
    ],
    "fr": [
      "airport",
      "aérodrome",
      "aéroport"
    ],
    "it": [
      "aerodromo",
      "aeroporto",
      "aerostazione",
      "campo d aviazione"
    ],
    "ja": [
      "エアポート",
      "ドローム",
      "空の玄関",
      "空港",
      "飛行場"
    ],
    "ru": [
      "аэровокзал",
      "аэродром",
      "аэропорт"
    ],
    "zh": [
      "机场",
      "機場",
      "航站",
      "飛機場",
      "飞机场"
    ]
  },
  "tree": {
    "ar": [
      "شجر",
      "شجرة"
    ],
    "de": [
      "baum"
    ],
    "es": [
      "árbol"
    ],
    "fr": [
      "arborescence",
      "arboricole",
      "arbre"
    ],
    "it": [
      "albero",
      "diagramma ad albero"
    ],
    "ja": [
      "ツリー",
      "一樹",
      "天然木",
      "成木",
      "木",
      "木本",
      "樹",
      "樹形図",
      "樹木",
      "高木"
    ],
    "ru": [
      "дерево",
      "древо"
    ],
    "zh": [
      "乔木",
      "喬木",
      "木",
      "朳",
      "树",
      "树木",
      "楟",
      "樹",
      "樹木"
    ]
  },
  "car": {
    "ar": [
      "سيارة",
      "عربة",
      "عربة سكة حديد",
      "عربة قطار",
      "عربية",
      "مركبة"
    ],
    "de": [
      "auto",
      "automobil",
      "automobile",
      "personenwagen",
      "pkw",
      "wagen",
      "wagenrad",
      "wagon"
    ],
    "fr": [
      "auto",
      "automobile",
      "bagnole",
      "car",
      "char",
      "voiture",
      "véhicule",
      "wagon"
    ],
    "it": [
      "auto",
      "automobile",
      "automotrice",
      "autovettura",
      "macchina",
      "navicella",
      "vettura"
    ],
    "ru": [
      "авто",
      "автомашина",
      "автомобиль",
      "машина",
      "тачка"
    ],
    "es": [
      "auto",
      "automotor",
      "automóvil",
      "barquilla",
      "caja",
      "caja de ascensor",
      "carro",
      "coche",
      "máquina",
      "turismo",
      "vagón",
      "vehículo"
    ],
    "ja": [
      "ぶうぶう",
      "オートモビル",
      "オートモービル",
      "カー",
      "ゴンドラ",
      "ブウブウ",
      "ブーブー",
      "モーターカー",
      "乗用車",
      "函",
      "凾",
      "列車",
      "匣",
      "四輪車",
      "筐",
      "筥",
      "箱",
      "自動車",
      "貨車",
      "車",
      "車両",
      "車輌",
      "鉄道車両"
    ],
    "zh": [
      "坐車",
      "汽車",
      "汽车",
      "自动车",
      "自動車",
      "車",
      "车"
    ]
  },
  "money": {
    "ar": [
      "بيزات",
      "عملة",
      "فلوس",
      "مال",
      "مصاري",
      "نقد",
      "نقود"
    ],
    "de": [
      "geld",
      "para",
      "penunse"
    ],
    "es": [
      "cobres",
      "dinero",
      "lana",
      "moneda",
      "pasta",
      "pisto",
      "plata",
      "real"
    ],
    "fr": [
      "argent",
      "monnaie"
    ],
    "it": [
      "danaro",
      "denaro",
      "moneta",
      "palanca",
      "ricchezza",
      "soldi",
      "soldo",
      "sverza",
      "valuta"
    ],
    "ja": [
      "おあし",
      "お宝",
      "お足",
      "お金",
      "お銭",
      "ちゃんころ",
      "カネ",
      "ゲル",
      "ゲルト",
      "マネー",
      "丸",
      "丸物",
      "代金",
      "先だつもの",
      "先立つもの",
      "先立つ物",
      "円",
      "実弾",
      "御宝",
      "御足",
      "御金",
      "御銭",
      "札片",
      "用脚",
      "硬貨",
      "肢",
      "脚",
      "要脚",
      "貨幣",
      "足",
      "通貨",
      "金",
      "金円",
      "金員",
      "金子",
      "金片",
      "金銭",
      "金面",
      "鉄",
      "銀",
      "銀子",
      "銅",
      "銭",
      "銭こ",
      "銭財",
      "銭金",
      "阿堵物",
      "鳥目",
      "黄白",
      "黄金"
    ],
    "ru": [
      "бабки",
      "бабло",
      "баблосы",
      "бабосы",
      "башли",
      "денежки",
      "деньги",
      "деньжата",
      "лавэ"
    ],
    "zh": [
      "业障",
      "币",
      "幣",
      "業障",
      "蚨",
      "財",
      "財帛",
      "貨",
      "貨幣",
      "資",
      "财",
      "财帛",
      "货",
      "货币",
      "资",
      "金",
      "金錢",
      "金钱",
      "鈔",
      "鈿",
      "銀子",
      "銀根",
      "錢",
      "錢幣",
      "錢財",
      "錢鈔",
      "鍰",
      "鏹",
      "钞",
      "钱",
      "钱币",
      "钱财",
      "钱钞",
      "钿",
      "银子",
      "银根",
      "锾",
      "镪",
      "阿堵",
      "阿堵物"
    ]
  },
  "time": {
    "ar": [
      "أوان",
      "توقيت",
      "زمن",
      "ضبط",
      "فرصة مناسبة",
      "مرة",
      "موعد",
      "وقت",
      "وقت مناسب"
    ],
    "de": [
      "laufzeit",
      "tempi passati",
      "tempo",
      "terminieren",
      "uhrzeit",
      "verstehen",
      "zeit"
    ],
    "fr": [
      "chronométrer",
      "durée",
      "fois",
      "heure",
      "inédit",
      "moment",
      "temps",
      "époque"
    ],
    "ja": [
      "とき",
      "ひと時",
      "ゆとり",
      "タイム",
      "一時",
      "三摩耶",
      "三昧耶",
      "余裕",
      "光陰",
      "刻",
      "刻限",
      "回",
      "年月",
      "度",
      "手間",
      "折",
      "折り",
      "拍子",
      "放送時間",
      "日月",
      "日間",
      "星霜",
      "春秋",
      "時",
      "時代",
      "時分",
      "時刻",
      "時剋",
      "時宣",
      "時日",
      "時期",
      "時機",
      "時節",
      "時間",
      "暦年",
      "暦日",
      "月日",
      "期",
      "次",
      "歳月",
      "歴年",
      "比",
      "比おい",
      "測る",
      "潮どき",
      "潮時",
      "烏兎",
      "砌",
      "秋",
      "節",
      "計る",
      "調",
      "調子",
      "量る",
      "間",
      "際",
      "頃",
      "頃おい"
    ],
    "ru": [
      "время",
      "час"
    ],
    "zh": [
      "久",
      "之秋",
      "兹",
      "回",
      "天时",
      "天時",
      "季節",
      "季节",
      "岁月",
      "年华",
      "年月",
      "年華",
      "年頭",
      "时",
      "时代",
      "时候",
      "时光",
      "时分",
      "时日",
      "时节",
      "时辰",
      "时间",
      "時",
      "時代",
      "時候",
      "時光",
      "時分",
      "時日",
      "時節",
      "時辰",
      "時間",
      "期",
      "期間",
      "期间",
      "次",
      "歲",
      "歲月",
      "玆",
      "白日",
      "茲",
      "計時",
      "计时",
      "趟",
      "遭",
      "际",
      "際"
    ],
    "es": [
      "momento",
      "tiempo",
      "vez",
      "época"
    ],
    "it": [
      "data",
      "periodo",
      "regolare",
      "tempo",
      "volta"
    ]
  },
  "book": {
    "ar": [
      "حجز",
      "سفر",
      "كتاب",
      "مجلد"
    ],
    "de": [
      "besetzen",
      "buach",
      "buch",
      "buchen",
      "fine",
      "register",
      "reserve",
      "schmöker",
      "speed",
      "verwarnen"
    ],
    "fr": [
      "bouquin",
      "commander",
      "comptabiliser",
      "dans les règles",
      "livre",
      "ouvrage",
      "réserver",
      "volume"
    ],
    "es": [
      "ejemplar",
      "libro",
      "volumen"
    ],
    "it": [
      "blocchetto",
      "incriminare",
      "libro",
      "prenotare",
      "scritturare",
      "volume"
    ],
    "ja": [
      "ご本",
      "ブック",
      "ルールブック",
      "一巻",
      "一篇",
      "一編",
      "予約",
      "冊",
      "冊子",
      "冊子本",
      "出演契約を結ぶ",
      "単行本",
      "図書",
      "巻",
      "巻き",
      "巻帙",
      "帳",
      "御本",
      "成書",
      "教科書",
      "文学書",
      "書",
      "書典",
      "書冊",
      "書史",
      "書巻",
      "書帙",
      "書物",
      "書籍",
      "書誌",
      "本",
      "申し込む",
      "申込む",
      "竹帛",
      "篇帙",
      "篇章",
      "綴り",
      "編章",
      "著",
      "著作",
      "著作物",
      "著書",
      "読みもの",
      "述作",
      "韋編"
    ],
    "ru": [
      "бронировать",
      "забронировать",
      "заказать",
      "заказывать",
      "зарезервировать",
      "книга",
      "книжка",
      "резервировать"
    ],
    "zh": [
      "书",
      "书本",
      "冊",
      "冊子",
      "册",
      "册子",
      "卷",
      "卷帙",
      "定舱",
      "定艙",
      "書",
      "書本",
      "本子",
      "简册",
      "箓",
      "簡冊",
      "簿",
      "簿子",
      "籙",
      "著",
      "著作",
      "詞翰",
      "词翰",
      "集",
      "集成",
      "預售",
      "預約",
      "預訂",
      "预售",
      "预约",
      "预订"
    ]
  },
  "door": {
    "ar": [
      "ابواب",
      "باب"
    ],
    "de": [
      "tür",
      "türe",
      "türen"
    ],
    "es": [
      "puerta",
      "seguro"
    ],
    "fr": [
      "huis",
      "porte",
      "portière"
    ],
    "it": [
      "porta",
      "portiera",
      "sportello",
      "stanza",
      "uscio"
    ],
    "ja": [
      "とば口",
      "ドア",
      "乗車口",
      "入り口",
      "入口",
      "口",
      "屋戸",
      "戸",
      "戸口",
      "戸板",
      "扉",
      "扉口",
      "木戸口",
      "枢",
      "枢戸",
      "玄関",
      "車のドア",
      "門",
      "門口",
      "門戸",
      "開",
      "開き",
      "開き戸",
      "開戸",
      "闔"
    ],
    "ru": [
      "двери",
      "дверь"
    ],
    "zh": [
      "大門",
      "大门",
      "戶",
      "户",
      "扃",
      "盖门",
      "蓋門",
      "門",
      "門子",
      "門戶",
      "門扇",
      "闔",
      "门",
      "门子",
      "门户",
      "门扇",
      "阖"
    ]
  },
  "street": {
    "ar": [
      "زنقة",
      "شارع"
    ],
    "de": [
      "auf offener strasse",
      "strasse"
    ],
    "es": [
      "calle",
      "vía"
    ],
    "fr": [
      "rue"
    ],
    "it": [
      "strada",
      "strada di città",
      "strada urbana",
      "stradale",
      "via"
    ],
    "ja": [
      "ストリート",
      "住民",
      "岐",
      "巷",
      "市井",
      "径",
      "町",
      "町すじ",
      "町並",
      "町並み",
      "町内",
      "町筋",
      "街",
      "街並",
      "街並み",
      "街路",
      "衢",
      "表どおり",
      "表通",
      "表通り",
      "路",
      "車道",
      "辻",
      "途",
      "通り",
      "道",
      "道路"
    ],
    "ru": [
      "улица"
    ],
    "zh": [
      "坊間",
      "塗",
      "大街",
      "市井",
      "涂",
      "街",
      "街头",
      "街巷",
      "街路",
      "街道",
      "街頭",
      "路",
      "陌",
      "馬路",
      "马路"
    ]
  }
}